question,document
"A.R.C. ""Sweety"" Espresso Blend Hong Kong medium-light Panama Ethiopia rating 95 November 2017",0
"Medium-light espresso blend with rich dark chocolate, black cherry, vanilla, and floral citrus notes",0
"Espresso blend that tastes plush and syrupy, with chocolate depth and a long fruit-tinged finish",0
"High-scoring espresso blend that works well both as a straight shot and in milk, with chocolate and berry notes",0
"Sweet, rich espresso blend with a heavy body and bright fruit accents for espresso and milk drinks",0
"A.R.C. Flora Blend Espresso, Hong Kong, rating 94, medium-light roast, Africa and Asia Pacific blend",1
"Floral espresso with stone fruit, chocolate, and a light syrupy body",1
Medium-light espresso blend that tastes floral and fruity with chocolate and herbal notes,1
"High-scoring espresso blend that works well straight and in milk drinks, with a sweet tart finish",1
"Elegant espresso blend for cappuccino with fruit, cocoa, and gentle herb-like notes",1
Revel Coffee Ethiopia Shakiso Mormora Guji Zone Southern Ethiopia rating 92 medium-light roast,2
"Medium-light Ethiopian coffee with cocoa, floral aroma, lemony sweetness, and a silky body",2
"Washed Ethiopia coffee with sweet cocoa notes, floral complexity, and a gently spicy finish",2
"Looking for a high-scoring light-to-medium roast with floral notes, cocoa, and a delicate mouthfeel",2
"A sweet, aromatic African coffee with cacao flavors and subtle spice for filter brewing",2
"1. Roast House Ethiopia Suke Quto Medium-Light from United States, origin Guji Zone Oromia Region, rating 92",3
"2. Lightly roasted Ethiopian coffee with floral aromatics, pink pepper-like spice, citrusy brightness, and a smooth, silky body",3
"3. Washed coffee with sweet spice notes, flower-like aroma, lively acidity, and a clean, satiny finish",3
4. High-scoring organic African coffee with delicate floral complexity and bright acidity from a small-batch roaster,3
"5. Smooth, aromatic Ethiopian coffee with sweet spice, citrus lift, and a refined finish",3
Big Creek Coffee Roasters Ethiopia Gedeb Halo Beriti medium roast United States 94 rating Gedeb District Gedeo Zone,4
"Looking for a coffee with sweet pear and citrus zest notes, rich chocolate and nutty aromatics, plus a crisp juicy structure",4
"Medium-roast Ethiopian coffee with lush body, bright fruit sweetness, and a long flavor-saturated finish",4
High-scoring washed African coffee with a heavy mouthfeel and a balance of fruity sweetness and dark chocolate,4
"A vibrant, sweet coffee with floral aromatics, fruit brightness, and a plush texture from a small-batch US roaster",4
Red Rooster Coffee Roaster Ethiopia Kayon Mountain Light roast United States Guji Zone Odo Shakiso District rating 93 November 2017,5
"Light-roasted Ethiopian natural coffee with sweet-tart berry and floral aromas, lively acidity, and a smooth satiny texture",5
"Fruit-forward natural process Ethiopia with crisp sweetness, berry-like notes, and a silky mouthfeel",5
"High-scoring light roast with bright fruit character, floral tones, and a smooth body",5
"Organic-certified African coffee with a lively sweet profile, natural processing, and a clean fruity finish",5
Willoughby's Coffee & Tea Ethiopia Gelgelu Natural Organic Yirgacheffe Southern Ethiopia 93 rating medium-light roast,6
"Medium-light Ethiopia natural with floral aroma, stone fruit sweetness, heavy body, and syrupy texture",6
"Lightly roasted Ethiopian coffee with apricot, cherry brandy, and almond butter notes plus a long sweet finish",6
High-scoring organic natural-process coffee with sweet-tart structure and plush mouthfeel,6
"Refined single-origin Ethiopian coffee for someone who likes crisp fruitiness, floral notes, and rich syrupy body",6
"Black Oak Coffee Roasters Ethiopia Hambela Alaka medium-light roast from Hambela Wamena District, Guji Zone, United States, rating 93",7
"Delicate washed Ethiopian coffee with floral-herbal spice, dried fruit sweetness, and a smooth velvety body",7
"Sweet-savory light-medium roast with lemony herbs, baking spice, chocolate, and a silky finish",7
"High-scoring organic African coffee with a balanced, nuanced cup and fruit, flower, and spice complexity",7
"I’m looking for a delicate washed coffee with fruit, herbs, and chocolate notes and a smooth mouthfeel",7
Wonderstate Coffee Organic Ethiopia Kirite Ethiopia Hambela District Guji Zone 93 rating Medium-Light roast November 2017,8
"Wonderstate Coffee Ethiopia coffee with citrus blossom and apricot notes, sweet herb finish, satiny full body",8
"Washed Ethiopian coffee with floral citrus aroma, stone fruit sweetness, cocoa nib finish, and a smooth full mouthfeel",8
"High-scoring light-to-medium roast Ethiopian coffee with bright citrus, floral, and herbal complexity",8
Organic Ethiopian coffee that tastes like spring citrus and sweet herbs with a rich chocolatey finish,8
Reunion Island Coffee Ethiopia Sidama Canada rating 94 medium roast,9
"Ethiopia coffee with red berry, cocoa, and spice notes, lively acidity, and a heavy body",9
"Fruit-forward but savory Ethiopian cup with citrus zest, cacao, and clove aromas",9
High-scoring medium roast with a syrupy texture and a long spicy finish,9
Organic fair trade Ethiopian coffee with bright acidity and complex fruit and spice character,9
PT's Coffee Roasting Thiriku AA Kenya medium roast United States rating 95 Central Kenya November 2017,10
"medium roast Kenya coffee with black currant, dark chocolate, peppery spice, silky body, and a long finish",10
"washed Kenya coffee with vibrant tart sweetness, savory edge, plush mouthfeel, and chocolate-forward aftertaste",10
"high-scoring coffee with lively structure, sweet-tart fruit, chocolate notes, and a smooth heavy body",10
"premium medium roast African coffee for people who like fruity brightness, cocoa depth, and a lingering finish",10
Kakalove Cafe Ethiopia Natural Yirgacheffe Tore Taiwan Medium-Light rating 93,11
"Taiwan roaster coffee with floral aroma, almond, dark chocolate, citrus zest, and mint notes",11
"Lightly roasted natural-processed Ethiopian coffee with juicy body and a bright, crisp finish",11
"High-scoring coffee with berry-like florals, refreshing herbal notes, and a clean tart sweetness",11
"Complex, floral single origin with a heavy juicy mouthfeel and chocolate-citrus complexity",11
Level Ground Trading Direct Fair Trade Espresso Canada Africa South America rating 92 medium-light roast,12
"balanced espresso with dark chocolate, molasses, cedar, floral notes, and date sweetness from a medium-light blend",12
espresso blend with a smooth silky body and cocoa finish that shows floral and dried fruit notes in milk,12
high-scoring medium-light espresso blend that tastes good as a straight shot and also works well with milk,12
"fair trade espresso blend with chocolate, caramel-like sweetness, woody notes, and a smooth finish",12
Old Soul Co. Decaf Ethiopia Sidamo medium roast United States rating 90 Southern Ethiopia Sidama,13
"Decaf coffee with floral and citrus blossom notes, honey sweetness, light silky body, and tart structure",13
"Naturally processed Ethiopian decaf with tea-like complexity, delicate floral aroma, lemon blossom, and no woody aftertaste",13
"High-scoring light-bodied decaf for someone who likes floral, citrusy, honeyed coffees with a clean finish",13
"Medium roast decaf that tastes elegant and tea-like, with bright sweetness and a soft mouthfeel",13
"A.R.C. Ethiopia Yirgacheffe Washed G1 medium-light roast from Hong Kong, 92 rating, Southern Ethiopia, Yirgacheffe Growing Region",14
"Medium-light Ethiopian washed coffee with bright citrus blossom, cocoa, nutty notes, and a crisp, light body",14
"Tea-like, delicate coffee with floral aroma, tangy fruit, and peppery spice, plus a clean, dry finish",14
"Looking for a high-scoring light-to-medium roast that’s floral, complex, and works as a refined filter coffee",14
"Bright and aromatic Ethiopian coffee with layered fruit, cocoa, and spice notes, not too heavy",14
A.R.C. Ethiopia Yirgacheffe Natural G1 Hong Kong medium-light roast 91 rating November 2017,15
"A natural-process Ethiopian coffee with floral spice, sweet herb notes, and a satiny body",15
"Looking for a balanced medium-light coffee with tea-like florals, spice, and cocoa nib sweetness",15
"High-scoring light-to-medium roast Ethiopian coffee that is rich, sweet, and gently drying",15
"Sweet floral coffee with aromatic wood and spice notes, good for pour-over or filter brewing",15
"A.R.C. ""Fruity"" Espresso Blend Hong Kong Ethiopia Kenya medium-light roast rating 95 November 2017",16
"espresso blend with floral and fruit notes, silky body, cocoa finish, and a long aromatic aftertaste",16
"sweet elegant espresso with jasmine-like aroma, stone fruit acidity, and nutty chocolate tones in milk",16
"high-scoring medium-light espresso blend that tastes cocoa-forward in the shot and bright, floral in milk",16
fruity espresso blend that works well as a straight shot and also tastes balanced with milk,16
1. Bootstrap Coffee Roasters Decaf Colombia Select Colombia Ethiopia medium-light roast rating 87 United States November 2017,17
"2. Decaf coffee with delicate floral aroma, citrus peel brightness, sweet woodsy notes, and a light syrupy texture",17
"3. Gentle decaf with sweet, lightly tangy cup character, subtle flower-like fragrance, and a smooth rounded finish",17
"4. Looking for a high-quality decaf that's easy to drink, bright but soft, with sweet and floral notes",17
"5. Lightly roasted decaf coffee with a smooth body, sweet finish, and a clean, nuanced flavor",17
Paradise Roasters Ethiopia Awassa Yirgacheffe Ethiopia medium-light roast rating 93,18
"Ethiopian coffee with floral and fruit notes, dark chocolate sweetness, and a silky body",18
"Coffee with tart citrus brightness, tropical fruit, and a long chocolate finish",18
High-scoring light-medium washed coffee with juicy acidity and layered aromatic complexity,18
"Sweet, complex Ethiopia coffee for pour over with fruit, floral, and cocoa notes",18
Hula Daddy Kona Coffee 100% Kona SL-28 Medium-Light Hawai'i Holualoa North Kona Growing District rating 97 November 2017,19
"Which coffee has sweet citrus and floral aromatics, a heavy juicy body, and a long lingering finish?",19
"Looking for a lightly to medium-light roasted Hawaiian coffee with lemony sweetness, tropical fruit, jasmine-like notes, and a plush mouthfeel",19
"High-scoring limited-edition coffee with bright fruit, floral complexity, and a juicy finish",19
"Boutique coffee with a very aromatic profile, sweet-tart clarity, and a smooth, buoyant body",19
Kakalove Cafe Kenya Kirinyaga Mukangu AB Taiwan Medium-Light 95 rating November 2017,20
"Kenya coffee with floral sweetness, savory depth, velvety texture, and cocoa finish",20
"Lightly roasted coffee with berry-like tartness, nutty notes, and a smooth creamy body",20
"High-scoring coffee that tastes sweet, floral, and fruity with some cocoa and grain notes",20
"Elegant medium-light roast for someone who likes fruit, flowers, and a lingering chocolatey finish",20
Jackrabbit Java Kenya Nyeri Othaya Gatugi Red Cherry Project AA medium-dark roast Kenya 92 rating,21
"Kenya coffee with dark chocolate, plum, lavender, lime zest, and a satiny mouthfeel",21
"Savory and roasty coffee with citrus brightness, chocolate depth, and a drying finish",21
High-scoring medium-dark African coffee with chocolate and citrus notes for filter brewing,21
Complex Kenya roast with fruit and cocoa flavors that tastes rich but not overly acidic,21
Kakalove Cafe Ethiopia Washed Yirgacheffe Adado Taiwan medium-light roast rating 95,22
"Kakalove Cafe washed Ethiopia coffee with jasmine-like florals, citrus brightness, and a smooth heavy body",22
"Search for a bright Ethiopian washed coffee with floral aroma, stone fruit sweetness, and a long lingering finish",22
High-scoring medium-light coffee with lively acidity and a silky texture,22
Washed East African coffee with sweet savory character and citrusy lift,22
Propeller Coffee Outbound Espresso Canada Mexico Ethiopia rating 93 medium-light roast,23
"espresso with floral notes, nutty undertones, chocolate, caramel, and a smooth satiny body",23
"balanced espresso blend with sweet floral aroma, chocolate, cedar, and cashew butter in milk",23
"high-scoring medium-light espresso blend that tastes like flowers, nuts, and cocoa and works well with milk",23
"looking for a refined espresso blend with bright florals, creamy texture, and chocolate-nut sweetness",23
Canadian micro-roaster espresso blend from multiple origins with a caramel-like finish and floral notes,23
Propeller Coffee Ace Espresso Canada Mexico Ethiopia medium-light roast rating 94,24
"Medium-light espresso with floral notes, a heavy body, and sweet berry-like flavor from a blend of Mexico and Ethiopia",24
"Floral espresso with lively acidity, cocoa, and currant notes; works well in milk and has a rich, coating mouthfeel",24
"High-scoring espresso blend that tastes sweet and floral, with dark fruit and chocolate undertones",24
"Bold espresso blend with fruit, cocoa, and blossoms that holds up nicely in milk",24
"1. Propeller Coffee Kenya Mutungati, Canada, Medium-Light roast, 94 rating, from Nakuru Province in South-Central Kenya",25
"2. Kenyan coffee with juicy acidity, a velvety body, bright berry-like sweetness, and chocolate-citrus aromatics",25
"3. Elegant coffee with floral notes, tart fruit, cocoa richness, and a thick, creamy mouthfeel",25
"4. High-scoring light-medium roast with vibrant fruit, chocolate, and a lively citrus finish",25
"5. Sweet, balanced Kenya coffee from a specialty roaster with complex fruit and dark chocolate notes",25
"Chocolate Fish Coffee Roasters Guatemala El Retiro del Quisaya Light roast from San Martin Jilotepeque, Chimaltenango Department, rating 93",26
"Light roast with peach, sweet chocolate, almond, floral aroma, and a silky texture",26
"Naturally processed coffee with sweet fruit brightness, nutty notes, and a long chocolate finish",26
"High-scoring delicate coffee with subtle fruit sweetness and a smooth, elegant body",26
"Sweet, graceful single-origin coffee with bright acidity and lingering chocolate and almond notes",26
Caffe Luxxe Kenya Peaberry Kericho County United States medium-light roast rating 92 November 2017,27
"Kenya coffee with floral honey, plum, and herb-like savory aroma, crisp sweetness, and a silky body",27
"Washed peaberry Arabica from Kenya with elegant floral sweetness, fruity depth, and a lightly syrupy texture",27
"High-scoring light-to-medium roast with unusual aromatics, savory complexity, and a dry finish",27
"Looking for a bright, sweet Kenya coffee with floral and stone fruit notes and a smooth mouthfeel",27
Espresso Republic Static El Salvador Finca Maria Luisa United States medium-light roast Santa Rosa La Unión Department rating 89 November 2017,28
"A coffee with almond butter and dried apricot notes, a crisp dry structure, light syrupy body, and a finish that turns sweeter with floral hints",28
"Lightly syrupy medium-light washed coffee with nutty, stone-fruit sweetness, subtle evergreen aroma, and a dry brisk cup",28
"High-scoring small-batch coffee with a bright dry profile, chocolate and floral undertones, and a finish that becomes smoother and sweeter",28
Brisk clean single-origin coffee with fruit and nut notes for someone who likes an unusual aromatic cup and a dry finish,28
Lexington Coffee Roasters Kamwangi Kenya Medium-Light United States rating 93 Gichugu Division Kirinyaga County,29
"Kenya coffee with floral aromatics, bright citrus peel, berry sweetness, and a plush, lightly thick body",29
"Sweet-tart washed Kenyan coffee with blackberry and citrus zest, savory structure, and a smooth finish",29
"High-scoring medium-light roast with vivid acidity, berry and citrus notes, and a silky mouthfeel",29
"Fresh, flavorful Kenyan coffee that stays lively as it cools, with tart fruit and a rounded body",29
